[
    {
        "joueur": "amadou",
        "Score": 45
    },
    {
        "joueur": "a",
        "score": 9989
    },
    {
        "joueur": "blablab",
        "score": 989
    },
    {
        "joueur": "test2",
        "score": 984
    },
    {
        "joueur": "loucass",
        "score": 989
    },
    {
        "joueur": "hilo",
        "score": 987
    },
    {
        "joueur": "qsq",
        "score": 988
    },
    {
        "joueur": "hasan",
        "score": 976
    },
    {
        "joueur": "toto",
        "score": 988
    }
]